---建表---{{{1
set define off;
set define off;
set define off;


----------------ObjectDeleteScript----------------

--delete  from maxobjectcfg  where objectname='TESTIMPEXCEL';
--delete  from maxtablecfg  where TABLENAME='TESTIMPEXCEL';
--delete  from maxattributecfg  where OBJECTNAME='TESTIMPEXCEL';
--delete  from maxsysindexes where TBNAME= 'TESTIMPEXCEL';
--delete from maxsyskeys where IXNAME='TESTIMPEXCEL_NDX1';
--delete  from maxrelationship where PARENT= 'TESTIMPEXCEL';
--delete  from maxsequence where TBNAME= 'TESTIMPEXCEL';
--delete from autokey where AUTOKEYNAME='TESTIMPEXCELNUM';


----------------ObjectInsertScript----------------



----------------CreateObjectScript----------------

insert into maxobjectcfg ( OBJECTNAME, CLASSNAME, DESCRIPTION, EAUDITENABLED, EAUDITFILTER, ENTITYNAME, ESIGFILTER, EXTENDSOBJECT, IMPORTED, ISVIEW, PERSISTENT, SERVICENAME, SITEORGTYPE, USERDEFINED, CHANGED, MAINOBJECT, INTERNAL, MAXOBJECTID, TEXTDIRECTION) values ( 'TESTIMPEXCEL', 'psdi.mbo.custapp.CustomMboSet', '测试导入excel', 0, null, 'TESTIMPEXCEL', null, null, 0, 0, 1, 'CUSTAPP', '地点', 1,'I', 0, 0, MAXOBJECTCFGSEQ.nextval, null);


----------------CreateTableScript----------------

insert into maxtablecfg ( TABLENAME, ADDROWSTAMP, EAUDITTBNAME, ISAUDITTABLE, RESTOREDATA, STORAGEPARTITION, TEXTSEARCHENABLED, LANGTABLENAME, LANGCOLUMNNAME, UNIQUECOLUMNNAME, ISLANGTABLE, MAXTABLEID, ALTIXNAME, TRIGROOT, CONTENTATTRIBUTE, STORAGETYPE, EXTTABLENAME) values ( 'TESTIMPEXCEL', 1, null, 0, 0, 'MAXDATA', 0, null, null, 'TESTIMPEXCELID', 0, MAXTABLECFGSEQ.nextval, null, 'TESTIMPEXCEL', null, 0, null);


----------------CreateAttributeScript----------------

insert into maxattributecfg ( OBJECTNAME, ATTRIBUTENAME, ALIAS, AUTOKEYNAME, ATTRIBUTENO, CANAUTONUM, CLASSNAME, COLUMNNAME, DEFAULTVALUE, DOMAINID, EAUDITENABLED, ENTITYNAME, ESIGENABLED, ISLDOWNER, ISPOSITIVE, LENGTH, MAXTYPE, MUSTBE, REQUIRED, PERSISTENT, PRIMARYKEYCOLSEQ, REMARKS, SAMEASATTRIBUTE, SAMEASOBJECT, SCALE, TITLE, USERDEFINED, CHANGED, SEARCHTYPE, MLSUPPORTED, MLINUSE, HANDLECOLUMNNAME, MAXATTRIBUTEID, RESTRICTED, LOCALIZABLE, TEXTDIRECTION, COMPLEXEXPRESSION, EXTENDED) values ( 'TESTIMPEXCEL', 'TESTIMPEXCELID', 'TESTIMPEXCELID', null, 1, 0, null, 'TESTIMPEXCELID', null, null, 0, 'TESTIMPEXCEL', 0, 0, 0, 19, 'BIGINT', 1, 1, 1, 1, 'Testimpexcelid', null, null, 0, 'Testimpexcelid', 1,'I', 'EXACT', 0, 0, null, MAXATTRIBUTECFGSEQ.nextval, 0, 0, null, null, 0);
insert into maxattributecfg ( OBJECTNAME, ATTRIBUTENAME, ALIAS, AUTOKEYNAME, ATTRIBUTENO, CANAUTONUM, CLASSNAME, COLUMNNAME, DEFAULTVALUE, DOMAINID, EAUDITENABLED, ENTITYNAME, ESIGENABLED, ISLDOWNER, ISPOSITIVE, LENGTH, MAXTYPE, MUSTBE, REQUIRED, PERSISTENT, PRIMARYKEYCOLSEQ, REMARKS, SAMEASATTRIBUTE, SAMEASOBJECT, SCALE, TITLE, USERDEFINED, CHANGED, SEARCHTYPE, MLSUPPORTED, MLINUSE, HANDLECOLUMNNAME, MAXATTRIBUTEID, RESTRICTED, LOCALIZABLE, TEXTDIRECTION, COMPLEXEXPRESSION, EXTENDED) values ( 'TESTIMPEXCEL', 'DESCRIPTION', 'DESCRIPTION', null, 2, 0, null, 'DESCRIPTION', null, null, 0, 'TESTIMPEXCEL', 0, 1, 0, 50, 'ALN', 0, 0, 1, null, '描述', null, null, 0, '描述', 1,'I', 'NONE', 0, 0, null, MAXATTRIBUTECFGSEQ.nextval, 0, 1, null, null, 0);
insert into maxattributecfg ( OBJECTNAME, ATTRIBUTENAME, ALIAS, AUTOKEYNAME, ATTRIBUTENO, CANAUTONUM, CLASSNAME, COLUMNNAME, DEFAULTVALUE, DOMAINID, EAUDITENABLED, ENTITYNAME, ESIGENABLED, ISLDOWNER, ISPOSITIVE, LENGTH, MAXTYPE, MUSTBE, REQUIRED, PERSISTENT, PRIMARYKEYCOLSEQ, REMARKS, SAMEASATTRIBUTE, SAMEASOBJECT, SCALE, TITLE, USERDEFINED, CHANGED, SEARCHTYPE, MLSUPPORTED, MLINUSE, HANDLECOLUMNNAME, MAXATTRIBUTEID, RESTRICTED, LOCALIZABLE, TEXTDIRECTION, COMPLEXEXPRESSION, EXTENDED) values ( 'TESTIMPEXCEL', 'SITEID', 'SITEID', null, 3, 0, 'psdi.app.site.FldSiteID', 'SITEID', null, null, 0, 'TESTIMPEXCEL', 0, 0, 0, 8, 'UPPER', 0, 0, 1, null, '地点', 'SITEID', 'SITE', 0, '地点', 1,'I', 'WILDCARD', 0, 0, null, MAXATTRIBUTECFGSEQ.nextval, 0, 0, null, null, 0);
insert into maxattributecfg ( OBJECTNAME, ATTRIBUTENAME, ALIAS, AUTOKEYNAME, ATTRIBUTENO, CANAUTONUM, CLASSNAME, COLUMNNAME, DEFAULTVALUE, DOMAINID, EAUDITENABLED, ENTITYNAME, ESIGENABLED, ISLDOWNER, ISPOSITIVE, LENGTH, MAXTYPE, MUSTBE, REQUIRED, PERSISTENT, PRIMARYKEYCOLSEQ, REMARKS, SAMEASATTRIBUTE, SAMEASOBJECT, SCALE, TITLE, USERDEFINED, CHANGED, SEARCHTYPE, MLSUPPORTED, MLINUSE, HANDLECOLUMNNAME, MAXATTRIBUTEID, RESTRICTED, LOCALIZABLE, TEXTDIRECTION, COMPLEXEXPRESSION, EXTENDED) values ( 'TESTIMPEXCEL', 'ORGID', 'ORGID', null, 4, 0, 'psdi.app.site.FldOrganizationID', 'ORGID', null, null, 0, 'TESTIMPEXCEL', 0, 0, 0, 8, 'UPPER', 0, 0, 1, null, '组织', 'ORGID', 'ORGANIZATION', 0, '组织', 1,'I', 'WILDCARD', 0, 0, null, MAXATTRIBUTECFGSEQ.nextval, 0, 0, null, null, 0);
insert into maxattributecfg ( OBJECTNAME, ATTRIBUTENAME, ALIAS, AUTOKEYNAME, ATTRIBUTENO, CANAUTONUM, CLASSNAME, COLUMNNAME, DEFAULTVALUE, DOMAINID, EAUDITENABLED, ENTITYNAME, ESIGENABLED, ISLDOWNER, ISPOSITIVE, LENGTH, MAXTYPE, MUSTBE, REQUIRED, PERSISTENT, PRIMARYKEYCOLSEQ, REMARKS, SAMEASATTRIBUTE, SAMEASOBJECT, SCALE, TITLE, USERDEFINED, CHANGED, SEARCHTYPE, MLSUPPORTED, MLINUSE, HANDLECOLUMNNAME, MAXATTRIBUTEID, RESTRICTED, LOCALIZABLE, TEXTDIRECTION, COMPLEXEXPRESSION, EXTENDED) values ( 'TESTIMPEXCEL', 'TESTIMPEXCELNUM', 'TESTIMPEXCELNUM', 'TESTIMPEXCELNUM', 5, 1, null, 'TESTIMPEXCELNUM', '&AUTOKEY&', null, 0, 'TESTIMPEXCEL', 0, 0, 0, 50, 'ALN', 0, 0, 1, null, '编号', null, null, 0, '编号', 1,'I', 'WILDCARD', 0, 0, null, MAXATTRIBUTECFGSEQ.nextval, 0, 0, null, null, 0);
insert into maxattributecfg ( OBJECTNAME, ATTRIBUTENAME, ALIAS, AUTOKEYNAME, ATTRIBUTENO, CANAUTONUM, CLASSNAME, COLUMNNAME, DEFAULTVALUE, DOMAINID, EAUDITENABLED, ENTITYNAME, ESIGENABLED, ISLDOWNER, ISPOSITIVE, LENGTH, MAXTYPE, MUSTBE, REQUIRED, PERSISTENT, PRIMARYKEYCOLSEQ, REMARKS, SAMEASATTRIBUTE, SAMEASOBJECT, SCALE, TITLE, USERDEFINED, CHANGED, SEARCHTYPE, MLSUPPORTED, MLINUSE, HANDLECOLUMNNAME, MAXATTRIBUTEID, RESTRICTED, LOCALIZABLE, TEXTDIRECTION, COMPLEXEXPRESSION, EXTENDED) values ( 'TESTIMPEXCEL', 'DESCRIPTION_LONGDESCRIPTION', 'DESCRIPTION_LONGDESCRIPTION', null, 6, 0, null, null, null, null, 0, null, 0, 0, 0, 32000, 'LONGALN', 1, 0, 0, null, 'Description_longdescription', null, null, 0, 'Description_longdescription', 1,'I', 'TEXT', 0, 0, null, MAXATTRIBUTECFGSEQ.nextval, 0, 0, null, null, 0);
insert into maxattributecfg ( OBJECTNAME, ATTRIBUTENAME, ALIAS, AUTOKEYNAME, ATTRIBUTENO, CANAUTONUM, CLASSNAME, COLUMNNAME, DEFAULTVALUE, DOMAINID, EAUDITENABLED, ENTITYNAME, ESIGENABLED, ISLDOWNER, ISPOSITIVE, LENGTH, MAXTYPE, MUSTBE, REQUIRED, PERSISTENT, PRIMARYKEYCOLSEQ, REMARKS, SAMEASATTRIBUTE, SAMEASOBJECT, SCALE, TITLE, USERDEFINED, CHANGED, SEARCHTYPE, MLSUPPORTED, MLINUSE, HANDLECOLUMNNAME, MAXATTRIBUTEID, RESTRICTED, LOCALIZABLE, TEXTDIRECTION, COMPLEXEXPRESSION, EXTENDED) values ( 'TESTIMPEXCEL', 'HASLD', 'HASLD', null, 7, 0, null, 'HASLD', '0', null, 0, 'TESTIMPEXCEL', 0, 0, 0, 1, 'YORN', 1, 1, 1, null, 'Hasld', null, null, 0, 'Hasld', 1,'I', 'NONE', 0, 0, null, MAXATTRIBUTECFGSEQ.nextval, 0, 0, null, null, 0);
insert into maxattributecfg ( OBJECTNAME, ATTRIBUTENAME, ALIAS, AUTOKEYNAME, ATTRIBUTENO, CANAUTONUM, CLASSNAME, COLUMNNAME, DEFAULTVALUE, DOMAINID, EAUDITENABLED, ENTITYNAME, ESIGENABLED, ISLDOWNER, ISPOSITIVE, LENGTH, MAXTYPE, MUSTBE, REQUIRED, PERSISTENT, PRIMARYKEYCOLSEQ, REMARKS, SAMEASATTRIBUTE, SAMEASOBJECT, SCALE, TITLE, USERDEFINED, CHANGED, SEARCHTYPE, MLSUPPORTED, MLINUSE, HANDLECOLUMNNAME, MAXATTRIBUTEID, RESTRICTED, LOCALIZABLE, TEXTDIRECTION, COMPLEXEXPRESSION, EXTENDED) values ( 'TESTIMPEXCEL', 'ALN01', 'ALN01', null, 8, 0, null, 'ALN01', null, null, 0, 'TESTIMPEXCEL', 0, 0, 0, 50, 'ALN', 0, 0, 1, null, 'Aln01', null, null, 0, 'Aln01', 1,'I', 'NONE', 0, 0, null, MAXATTRIBUTECFGSEQ.nextval, 0, 1, null, null, 0);
insert into maxattributecfg ( OBJECTNAME, ATTRIBUTENAME, ALIAS, AUTOKEYNAME, ATTRIBUTENO, CANAUTONUM, CLASSNAME, COLUMNNAME, DEFAULTVALUE, DOMAINID, EAUDITENABLED, ENTITYNAME, ESIGENABLED, ISLDOWNER, ISPOSITIVE, LENGTH, MAXTYPE, MUSTBE, REQUIRED, PERSISTENT, PRIMARYKEYCOLSEQ, REMARKS, SAMEASATTRIBUTE, SAMEASOBJECT, SCALE, TITLE, USERDEFINED, CHANGED, SEARCHTYPE, MLSUPPORTED, MLINUSE, HANDLECOLUMNNAME, MAXATTRIBUTEID, RESTRICTED, LOCALIZABLE, TEXTDIRECTION, COMPLEXEXPRESSION, EXTENDED) values ( 'TESTIMPEXCEL', 'BIGINT01', 'BIGINT01', null, 9, 0, null, 'BIGINT01', null, null, 0, 'TESTIMPEXCEL', 0, 0, 0, 19, 'BIGINT', 0, 0, 1, null, 'Bigint01', null, null, 0, 'Bigint01', 1,'I', 'EXACT', 0, 0, null, MAXATTRIBUTECFGSEQ.nextval, 0, 0, null, null, 0);
insert into maxattributecfg ( OBJECTNAME, ATTRIBUTENAME, ALIAS, AUTOKEYNAME, ATTRIBUTENO, CANAUTONUM, CLASSNAME, COLUMNNAME, DEFAULTVALUE, DOMAINID, EAUDITENABLED, ENTITYNAME, ESIGENABLED, ISLDOWNER, ISPOSITIVE, LENGTH, MAXTYPE, MUSTBE, REQUIRED, PERSISTENT, PRIMARYKEYCOLSEQ, REMARKS, SAMEASATTRIBUTE, SAMEASOBJECT, SCALE, TITLE, USERDEFINED, CHANGED, SEARCHTYPE, MLSUPPORTED, MLINUSE, HANDLECOLUMNNAME, MAXATTRIBUTEID, RESTRICTED, LOCALIZABLE, TEXTDIRECTION, COMPLEXEXPRESSION, EXTENDED) values ( 'TESTIMPEXCEL', 'DATE01', 'DATE01', null, 10, 0, null, 'DATE01', null, null, 0, 'TESTIMPEXCEL', 0, 0, 0, 4, 'DATE', 0, 0, 1, null, 'Date01', null, null, 0, 'Date01', 1,'I', 'EXACT', 0, 0, null, MAXATTRIBUTECFGSEQ.nextval, 0, 0, null, null, 0);
insert into maxattributecfg ( OBJECTNAME, ATTRIBUTENAME, ALIAS, AUTOKEYNAME, ATTRIBUTENO, CANAUTONUM, CLASSNAME, COLUMNNAME, DEFAULTVALUE, DOMAINID, EAUDITENABLED, ENTITYNAME, ESIGENABLED, ISLDOWNER, ISPOSITIVE, LENGTH, MAXTYPE, MUSTBE, REQUIRED, PERSISTENT, PRIMARYKEYCOLSEQ, REMARKS, SAMEASATTRIBUTE, SAMEASOBJECT, SCALE, TITLE, USERDEFINED, CHANGED, SEARCHTYPE, MLSUPPORTED, MLINUSE, HANDLECOLUMNNAME, MAXATTRIBUTEID, RESTRICTED, LOCALIZABLE, TEXTDIRECTION, COMPLEXEXPRESSION, EXTENDED) values ( 'TESTIMPEXCEL', 'DATETIME01', 'DATETIME01', null, 11, 0, null, 'DATETIME01', null, null, 0, 'TESTIMPEXCEL', 0, 0, 0, 10, 'DATETIME', 0, 0, 1, null, 'Datetime01', null, null, 0, 'Datetime01', 1,'I', 'EXACT', 0, 0, null, MAXATTRIBUTECFGSEQ.nextval, 0, 0, null, null, 0);
insert into maxattributecfg ( OBJECTNAME, ATTRIBUTENAME, ALIAS, AUTOKEYNAME, ATTRIBUTENO, CANAUTONUM, CLASSNAME, COLUMNNAME, DEFAULTVALUE, DOMAINID, EAUDITENABLED, ENTITYNAME, ESIGENABLED, ISLDOWNER, ISPOSITIVE, LENGTH, MAXTYPE, MUSTBE, REQUIRED, PERSISTENT, PRIMARYKEYCOLSEQ, REMARKS, SAMEASATTRIBUTE, SAMEASOBJECT, SCALE, TITLE, USERDEFINED, CHANGED, SEARCHTYPE, MLSUPPORTED, MLINUSE, HANDLECOLUMNNAME, MAXATTRIBUTEID, RESTRICTED, LOCALIZABLE, TEXTDIRECTION, COMPLEXEXPRESSION, EXTENDED) values ( 'TESTIMPEXCEL', 'DECIMAL01', 'DECIMAL01', null, 12, 0, null, 'DECIMAL01', null, null, 0, 'TESTIMPEXCEL', 0, 0, 0, 16, 'DECIMAL', 0, 0, 1, null, 'Decimal01', null, null, 2, 'Decimal01', 1,'I', 'EXACT', 0, 0, null, MAXATTRIBUTECFGSEQ.nextval, 0, 0, null, null, 0);
insert into maxattributecfg ( OBJECTNAME, ATTRIBUTENAME, ALIAS, AUTOKEYNAME, ATTRIBUTENO, CANAUTONUM, CLASSNAME, COLUMNNAME, DEFAULTVALUE, DOMAINID, EAUDITENABLED, ENTITYNAME, ESIGENABLED, ISLDOWNER, ISPOSITIVE, LENGTH, MAXTYPE, MUSTBE, REQUIRED, PERSISTENT, PRIMARYKEYCOLSEQ, REMARKS, SAMEASATTRIBUTE, SAMEASOBJECT, SCALE, TITLE, USERDEFINED, CHANGED, SEARCHTYPE, MLSUPPORTED, MLINUSE, HANDLECOLUMNNAME, MAXATTRIBUTEID, RESTRICTED, LOCALIZABLE, TEXTDIRECTION, COMPLEXEXPRESSION, EXTENDED) values ( 'TESTIMPEXCEL', 'FLOAT01', 'FLOAT01', null, 13, 0, null, 'FLOAT01', null, null, 0, 'TESTIMPEXCEL', 0, 0, 0, 8, 'FLOAT', 0, 0, 1, null, 'Float01', null, null, 0, 'Float01', 1,'I', 'EXACT', 0, 0, null, MAXATTRIBUTECFGSEQ.nextval, 0, 0, null, null, 0);
insert into maxattributecfg ( OBJECTNAME, ATTRIBUTENAME, ALIAS, AUTOKEYNAME, ATTRIBUTENO, CANAUTONUM, CLASSNAME, COLUMNNAME, DEFAULTVALUE, DOMAINID, EAUDITENABLED, ENTITYNAME, ESIGENABLED, ISLDOWNER, ISPOSITIVE, LENGTH, MAXTYPE, MUSTBE, REQUIRED, PERSISTENT, PRIMARYKEYCOLSEQ, REMARKS, SAMEASATTRIBUTE, SAMEASOBJECT, SCALE, TITLE, USERDEFINED, CHANGED, SEARCHTYPE, MLSUPPORTED, MLINUSE, HANDLECOLUMNNAME, MAXATTRIBUTEID, RESTRICTED, LOCALIZABLE, TEXTDIRECTION, COMPLEXEXPRESSION, EXTENDED) values ( 'TESTIMPEXCEL', 'INTEGER01', 'INTEGER01', null, 14, 0, null, 'INTEGER01', null, null, 0, 'TESTIMPEXCEL', 0, 0, 0, 12, 'INTEGER', 0, 0, 1, null, 'Integer01', null, null, 0, 'Integer01', 1,'I', 'EXACT', 0, 0, null, MAXATTRIBUTECFGSEQ.nextval, 0, 0, null, null, 0);
insert into maxattributecfg ( OBJECTNAME, ATTRIBUTENAME, ALIAS, AUTOKEYNAME, ATTRIBUTENO, CANAUTONUM, CLASSNAME, COLUMNNAME, DEFAULTVALUE, DOMAINID, EAUDITENABLED, ENTITYNAME, ESIGENABLED, ISLDOWNER, ISPOSITIVE, LENGTH, MAXTYPE, MUSTBE, REQUIRED, PERSISTENT, PRIMARYKEYCOLSEQ, REMARKS, SAMEASATTRIBUTE, SAMEASOBJECT, SCALE, TITLE, USERDEFINED, CHANGED, SEARCHTYPE, MLSUPPORTED, MLINUSE, HANDLECOLUMNNAME, MAXATTRIBUTEID, RESTRICTED, LOCALIZABLE, TEXTDIRECTION, COMPLEXEXPRESSION, EXTENDED) values ( 'TESTIMPEXCEL', 'SMALLINT01', 'SMALLINT01', null, 15, 0, null, 'SMALLINT01', null, null, 0, 'TESTIMPEXCEL', 0, 0, 0, 10, 'SMALLINT', 0, 0, 1, null, 'Smallint01', null, null, 0, 'Smallint01', 1,'I', 'EXACT', 0, 0, null, MAXATTRIBUTECFGSEQ.nextval, 0, 0, null, null, 0);
insert into maxattributecfg ( OBJECTNAME, ATTRIBUTENAME, ALIAS, AUTOKEYNAME, ATTRIBUTENO, CANAUTONUM, CLASSNAME, COLUMNNAME, DEFAULTVALUE, DOMAINID, EAUDITENABLED, ENTITYNAME, ESIGENABLED, ISLDOWNER, ISPOSITIVE, LENGTH, MAXTYPE, MUSTBE, REQUIRED, PERSISTENT, PRIMARYKEYCOLSEQ, REMARKS, SAMEASATTRIBUTE, SAMEASOBJECT, SCALE, TITLE, USERDEFINED, CHANGED, SEARCHTYPE, MLSUPPORTED, MLINUSE, HANDLECOLUMNNAME, MAXATTRIBUTEID, RESTRICTED, LOCALIZABLE, TEXTDIRECTION, COMPLEXEXPRESSION, EXTENDED) values ( 'TESTIMPEXCEL', 'TIME01', 'TIME01', null, 16, 0, null, 'TIME01', null, null, 0, 'TESTIMPEXCEL', 0, 0, 0, 3, 'TIME', 0, 0, 1, null, 'Time01', null, null, 0, 'Time01', 1,'I', 'EXACT', 0, 0, null, MAXATTRIBUTECFGSEQ.nextval, 0, 0, null, null, 0);
insert into maxattributecfg ( OBJECTNAME, ATTRIBUTENAME, ALIAS, AUTOKEYNAME, ATTRIBUTENO, CANAUTONUM, CLASSNAME, COLUMNNAME, DEFAULTVALUE, DOMAINID, EAUDITENABLED, ENTITYNAME, ESIGENABLED, ISLDOWNER, ISPOSITIVE, LENGTH, MAXTYPE, MUSTBE, REQUIRED, PERSISTENT, PRIMARYKEYCOLSEQ, REMARKS, SAMEASATTRIBUTE, SAMEASOBJECT, SCALE, TITLE, USERDEFINED, CHANGED, SEARCHTYPE, MLSUPPORTED, MLINUSE, HANDLECOLUMNNAME, MAXATTRIBUTEID, RESTRICTED, LOCALIZABLE, TEXTDIRECTION, COMPLEXEXPRESSION, EXTENDED) values ( 'TESTIMPEXCEL', 'YORN01', 'YORN01', null, 17, 0, null, 'YORN01', '0', null, 0, 'TESTIMPEXCEL', 0, 0, 0, 1, 'YORN', 0, 1, 1, null, 'Yorn01', null, null, 0, 'Yorn01', 1,'I', 'EXACT', 0, 0, null, MAXATTRIBUTECFGSEQ.nextval, 0, 0, null, null, 0);
insert into maxattributecfg ( OBJECTNAME, ATTRIBUTENAME, ALIAS, AUTOKEYNAME, ATTRIBUTENO, CANAUTONUM, CLASSNAME, COLUMNNAME, DEFAULTVALUE, DOMAINID, EAUDITENABLED, ENTITYNAME, ESIGENABLED, ISLDOWNER, ISPOSITIVE, LENGTH, MAXTYPE, MUSTBE, REQUIRED, PERSISTENT, PRIMARYKEYCOLSEQ, REMARKS, SAMEASATTRIBUTE, SAMEASOBJECT, SCALE, TITLE, USERDEFINED, CHANGED, SEARCHTYPE, MLSUPPORTED, MLINUSE, HANDLECOLUMNNAME, MAXATTRIBUTEID, RESTRICTED, LOCALIZABLE, TEXTDIRECTION, COMPLEXEXPRESSION, EXTENDED) values ( 'TESTIMPEXCEL', 'AMOUNT01', 'AMOUNT01', null, 18, 0, null, 'AMOUNT01', null, null, 0, 'TESTIMPEXCEL', 0, 0, 0, 10, 'AMOUNT', 0, 0, 1, null, 'Amount01', null, null, 2, 'Amount01', 1,'I', 'EXACT', 0, 0, null, MAXATTRIBUTECFGSEQ.nextval, 0, 0, null, null, 0);
insert into maxattributecfg ( OBJECTNAME, ATTRIBUTENAME, ALIAS, AUTOKEYNAME, ATTRIBUTENO, CANAUTONUM, CLASSNAME, COLUMNNAME, DEFAULTVALUE, DOMAINID, EAUDITENABLED, ENTITYNAME, ESIGENABLED, ISLDOWNER, ISPOSITIVE, LENGTH, MAXTYPE, MUSTBE, REQUIRED, PERSISTENT, PRIMARYKEYCOLSEQ, REMARKS, SAMEASATTRIBUTE, SAMEASOBJECT, SCALE, TITLE, USERDEFINED, CHANGED, SEARCHTYPE, MLSUPPORTED, MLINUSE, HANDLECOLUMNNAME, MAXATTRIBUTEID, RESTRICTED, LOCALIZABLE, TEXTDIRECTION, COMPLEXEXPRESSION, EXTENDED) values ( 'TESTIMPEXCEL', 'ALN02', 'ALN02', null, 19, 0, null, 'ALN02', null, null, 0, 'TESTIMPEXCEL', 0, 0, 0, 50, 'ALN', 0, 0, 1, null, 'Aln02', null, null, 0, 'Aln02', 1,'I', 'NONE', 0, 0, null, MAXATTRIBUTECFGSEQ.nextval, 0, 1, null, null, 0);
insert into maxattributecfg ( OBJECTNAME, ATTRIBUTENAME, ALIAS, AUTOKEYNAME, ATTRIBUTENO, CANAUTONUM, CLASSNAME, COLUMNNAME, DEFAULTVALUE, DOMAINID, EAUDITENABLED, ENTITYNAME, ESIGENABLED, ISLDOWNER, ISPOSITIVE, LENGTH, MAXTYPE, MUSTBE, REQUIRED, PERSISTENT, PRIMARYKEYCOLSEQ, REMARKS, SAMEASATTRIBUTE, SAMEASOBJECT, SCALE, TITLE, USERDEFINED, CHANGED, SEARCHTYPE, MLSUPPORTED, MLINUSE, HANDLECOLUMNNAME, MAXATTRIBUTEID, RESTRICTED, LOCALIZABLE, TEXTDIRECTION, COMPLEXEXPRESSION, EXTENDED) values ( 'TESTIMPEXCEL', 'TESTIMPEXCELPARENTNUM', 'TESTIMPEXCELPARENTNUM', null, 20, 0, null, 'TESTIMPEXCELPARENTNUM', null, null, 0, 'TESTIMPEXCEL', 0, 0, 0, 50, 'ALN', 0, 0, 1, null, '主表编号', 'TESTIMPEXCELPARENTNUM', 'TESTIMPEXCELPARENT', 0, '主表编号', 1,'I', 'WILDCARD', 0, 0, null, MAXATTRIBUTECFGSEQ.nextval, 0, 1, null, null, 0);


----------------CreateindexScript----------------

insert into maxsysindexes ( NAME, TBNAME, UNIQUERULE, CHANGED, CLUSTERRULE, STORAGEPARTITION, REQUIRED, TEXTSEARCH, MAXSYSINDEXESID) values ( 'TESTIMPEXCEL_NDX1', 'TESTIMPEXCEL', 'U','Y', 0, 'MAXDATA', 0, 0, MAXSYSINDEXESSEQ.nextval);


----------------CreateKeyScript----------------

insert into maxsyskeys ( IXNAME, COLNAME, COLSEQ, ORDERING, CHANGED, MAXSYSKEYSID) values ( 'TESTIMPEXCEL_NDX1', 'TESTIMPEXCELID', 1, 'A','Y', MAXSYSKEYSSEQ.nextval);


----------------CreateRelationScript----------------



----------------CreateSequenceScript----------------

insert into maxsequence ( TBNAME, NAME, MAXRESERVED, MAXVALUE, RANGE, SEQUENCENAME, MAXSEQUENCEID) values ( 'TESTIMPEXCEL', 'TESTIMPEXCELID', 1, null, null, 'TESTIMPEXCELIDSEQ', MAXSEQUENCESEQ.nextval);


----------------Update Maximo Sequence----------------

update maxsequence set maxreserved=(select max(TESTIMPEXCELID)+1 from TESTIMPEXCEL) where tbname='TESTIMPEXCEL' and name='TESTIMPEXCELID';


----------------CreateAutokeyScript----------------

insert into autokey ( PREFIX, SEED, ORGID, SITEID, AUTOKEYNAME, SETID, LANGCODE, AUTOKEYID) values ( null, 1067, 'DAXNY', null, 'TESTIMPEXCELNUM', null, 'ZH', AUTOKEYSEQ.nextval);


----------------ObjectDeleteScript----------------

--delete  from maxobjectcfg  where objectname='TESTIMPEXCELPARENT';
--delete  from maxtablecfg  where TABLENAME='TESTIMPEXCELPARENT';
--delete  from maxattributecfg  where OBJECTNAME='TESTIMPEXCELPARENT';
--delete  from maxsysindexes where TBNAME= 'TESTIMPEXCELPARENT';
--delete from maxsyskeys where IXNAME='TESTIMPEXCELPARENT_NDX1';
--delete  from maxrelationship where PARENT= 'TESTIMPEXCELPARENT';
--delete  from maxsequence where TBNAME= 'TESTIMPEXCELPARENT';
--delete from autokey where AUTOKEYNAME='TESTIMPEXCELPARENTNUM';


----------------ObjectInsertScript----------------



----------------CreateObjectScript----------------

insert into maxobjectcfg ( OBJECTNAME, CLASSNAME, DESCRIPTION, EAUDITENABLED, EAUDITFILTER, ENTITYNAME, ESIGFILTER, EXTENDSOBJECT, IMPORTED, ISVIEW, PERSISTENT, SERVICENAME, SITEORGTYPE, USERDEFINED, CHANGED, MAINOBJECT, INTERNAL, MAXOBJECTID, TEXTDIRECTION) values ( 'TESTIMPEXCELPARENT', 'psdi.mbo.custapp.CustomMboSet', '测试excel导入主表', 0, null, 'TESTIMPEXCELPARENT', null, null, 0, 0, 1, 'CUSTAPP', '地点', 1,'I', 0, 0, MAXOBJECTCFGSEQ.nextval, null);


----------------CreateTableScript----------------

insert into maxtablecfg ( TABLENAME, ADDROWSTAMP, EAUDITTBNAME, ISAUDITTABLE, RESTOREDATA, STORAGEPARTITION, TEXTSEARCHENABLED, LANGTABLENAME, LANGCOLUMNNAME, UNIQUECOLUMNNAME, ISLANGTABLE, MAXTABLEID, ALTIXNAME, TRIGROOT, CONTENTATTRIBUTE, STORAGETYPE, EXTTABLENAME) values ( 'TESTIMPEXCELPARENT', 1, null, 0, 0, 'MAXDATA', 0, null, null, 'TESTIMPEXCELPARENTID', 0, MAXTABLECFGSEQ.nextval, null, 'TESTIMPEXCELPARENT', null, 0, null);


----------------CreateAttributeScript----------------

insert into maxattributecfg ( OBJECTNAME, ATTRIBUTENAME, ALIAS, AUTOKEYNAME, ATTRIBUTENO, CANAUTONUM, CLASSNAME, COLUMNNAME, DEFAULTVALUE, DOMAINID, EAUDITENABLED, ENTITYNAME, ESIGENABLED, ISLDOWNER, ISPOSITIVE, LENGTH, MAXTYPE, MUSTBE, REQUIRED, PERSISTENT, PRIMARYKEYCOLSEQ, REMARKS, SAMEASATTRIBUTE, SAMEASOBJECT, SCALE, TITLE, USERDEFINED, CHANGED, SEARCHTYPE, MLSUPPORTED, MLINUSE, HANDLECOLUMNNAME, MAXATTRIBUTEID, RESTRICTED, LOCALIZABLE, TEXTDIRECTION, COMPLEXEXPRESSION, EXTENDED) values ( 'TESTIMPEXCELPARENT', 'TESTIMPEXCELPARENTID', 'TESTIMPEXCELPARENTID', null, 1, 0, null, 'TESTIMPEXCELPARENTID', null, null, 0, 'TESTIMPEXCELPARENT', 0, 0, 0, 19, 'BIGINT', 1, 1, 1, 1, 'Testimpexcelparentid', null, null, 0, 'Testimpexcelparentid', 1,'I', 'EXACT', 0, 0, null, MAXATTRIBUTECFGSEQ.nextval, 0, 0, null, null, 0);
insert into maxattributecfg ( OBJECTNAME, ATTRIBUTENAME, ALIAS, AUTOKEYNAME, ATTRIBUTENO, CANAUTONUM, CLASSNAME, COLUMNNAME, DEFAULTVALUE, DOMAINID, EAUDITENABLED, ENTITYNAME, ESIGENABLED, ISLDOWNER, ISPOSITIVE, LENGTH, MAXTYPE, MUSTBE, REQUIRED, PERSISTENT, PRIMARYKEYCOLSEQ, REMARKS, SAMEASATTRIBUTE, SAMEASOBJECT, SCALE, TITLE, USERDEFINED, CHANGED, SEARCHTYPE, MLSUPPORTED, MLINUSE, HANDLECOLUMNNAME, MAXATTRIBUTEID, RESTRICTED, LOCALIZABLE, TEXTDIRECTION, COMPLEXEXPRESSION, EXTENDED) values ( 'TESTIMPEXCELPARENT', 'DESCRIPTION', 'DESCRIPTION', null, 2, 0, null, 'DESCRIPTION', null, null, 0, 'TESTIMPEXCELPARENT', 0, 1, 0, 50, 'ALN', 0, 0, 1, null, '描述', null, null, 0, '描述', 1,'I', 'NONE', 0, 0, null, MAXATTRIBUTECFGSEQ.nextval, 0, 1, null, null, 0);
insert into maxattributecfg ( OBJECTNAME, ATTRIBUTENAME, ALIAS, AUTOKEYNAME, ATTRIBUTENO, CANAUTONUM, CLASSNAME, COLUMNNAME, DEFAULTVALUE, DOMAINID, EAUDITENABLED, ENTITYNAME, ESIGENABLED, ISLDOWNER, ISPOSITIVE, LENGTH, MAXTYPE, MUSTBE, REQUIRED, PERSISTENT, PRIMARYKEYCOLSEQ, REMARKS, SAMEASATTRIBUTE, SAMEASOBJECT, SCALE, TITLE, USERDEFINED, CHANGED, SEARCHTYPE, MLSUPPORTED, MLINUSE, HANDLECOLUMNNAME, MAXATTRIBUTEID, RESTRICTED, LOCALIZABLE, TEXTDIRECTION, COMPLEXEXPRESSION, EXTENDED) values ( 'TESTIMPEXCELPARENT', 'NAME', 'NAME', null, 3, 0, null, 'NAME', null, null, 0, 'TESTIMPEXCELPARENT', 0, 0, 0, 50, 'ALN', 0, 0, 1, null, '名称', null, null, 0, '名称', 1,'I', 'WILDCARD', 0, 0, null, MAXATTRIBUTECFGSEQ.nextval, 0, 1, null, null, 0);
insert into maxattributecfg ( OBJECTNAME, ATTRIBUTENAME, ALIAS, AUTOKEYNAME, ATTRIBUTENO, CANAUTONUM, CLASSNAME, COLUMNNAME, DEFAULTVALUE, DOMAINID, EAUDITENABLED, ENTITYNAME, ESIGENABLED, ISLDOWNER, ISPOSITIVE, LENGTH, MAXTYPE, MUSTBE, REQUIRED, PERSISTENT, PRIMARYKEYCOLSEQ, REMARKS, SAMEASATTRIBUTE, SAMEASOBJECT, SCALE, TITLE, USERDEFINED, CHANGED, SEARCHTYPE, MLSUPPORTED, MLINUSE, HANDLECOLUMNNAME, MAXATTRIBUTEID, RESTRICTED, LOCALIZABLE, TEXTDIRECTION, COMPLEXEXPRESSION, EXTENDED) values ( 'TESTIMPEXCELPARENT', 'TESTIMPEXCELPARENTNUM', 'TESTIMPEXCELPARENTNUM', 'TESTIMPEXCELPARENTNUM', 4, 1, null, 'TESTIMPEXCELPARENTNUM', '&AUTOKEY&', null, 0, 'TESTIMPEXCELPARENT', 0, 0, 0, 50, 'ALN', 0, 0, 1, null, '编号', null, null, 0, '编号', 1,'I', 'WILDCARD', 0, 0, null, MAXATTRIBUTECFGSEQ.nextval, 0, 0, null, null, 0);
insert into maxattributecfg ( OBJECTNAME, ATTRIBUTENAME, ALIAS, AUTOKEYNAME, ATTRIBUTENO, CANAUTONUM, CLASSNAME, COLUMNNAME, DEFAULTVALUE, DOMAINID, EAUDITENABLED, ENTITYNAME, ESIGENABLED, ISLDOWNER, ISPOSITIVE, LENGTH, MAXTYPE, MUSTBE, REQUIRED, PERSISTENT, PRIMARYKEYCOLSEQ, REMARKS, SAMEASATTRIBUTE, SAMEASOBJECT, SCALE, TITLE, USERDEFINED, CHANGED, SEARCHTYPE, MLSUPPORTED, MLINUSE, HANDLECOLUMNNAME, MAXATTRIBUTEID, RESTRICTED, LOCALIZABLE, TEXTDIRECTION, COMPLEXEXPRESSION, EXTENDED) values ( 'TESTIMPEXCELPARENT', 'SITEID', 'SITEID', null, 5, 0, 'psdi.app.site.FldSiteID', 'SITEID', null, null, 0, 'TESTIMPEXCELPARENT', 0, 0, 0, 8, 'UPPER', 0, 0, 1, null, '地点', 'SITEID', 'SITE', 0, '地点', 1,'I', 'WILDCARD', 0, 0, null, MAXATTRIBUTECFGSEQ.nextval, 0, 0, null, null, 0);
insert into maxattributecfg ( OBJECTNAME, ATTRIBUTENAME, ALIAS, AUTOKEYNAME, ATTRIBUTENO, CANAUTONUM, CLASSNAME, COLUMNNAME, DEFAULTVALUE, DOMAINID, EAUDITENABLED, ENTITYNAME, ESIGENABLED, ISLDOWNER, ISPOSITIVE, LENGTH, MAXTYPE, MUSTBE, REQUIRED, PERSISTENT, PRIMARYKEYCOLSEQ, REMARKS, SAMEASATTRIBUTE, SAMEASOBJECT, SCALE, TITLE, USERDEFINED, CHANGED, SEARCHTYPE, MLSUPPORTED, MLINUSE, HANDLECOLUMNNAME, MAXATTRIBUTEID, RESTRICTED, LOCALIZABLE, TEXTDIRECTION, COMPLEXEXPRESSION, EXTENDED) values ( 'TESTIMPEXCELPARENT', 'ORGID', 'ORGID', null, 6, 0, 'psdi.app.site.FldOrganizationID', 'ORGID', null, null, 0, 'TESTIMPEXCELPARENT', 0, 0, 0, 8, 'UPPER', 0, 0, 1, null, '组织', 'ORGID', 'ORGANIZATION', 0, '组织', 1,'I', 'WILDCARD', 0, 0, null, MAXATTRIBUTECFGSEQ.nextval, 0, 0, null, null, 0);
insert into maxattributecfg ( OBJECTNAME, ATTRIBUTENAME, ALIAS, AUTOKEYNAME, ATTRIBUTENO, CANAUTONUM, CLASSNAME, COLUMNNAME, DEFAULTVALUE, DOMAINID, EAUDITENABLED, ENTITYNAME, ESIGENABLED, ISLDOWNER, ISPOSITIVE, LENGTH, MAXTYPE, MUSTBE, REQUIRED, PERSISTENT, PRIMARYKEYCOLSEQ, REMARKS, SAMEASATTRIBUTE, SAMEASOBJECT, SCALE, TITLE, USERDEFINED, CHANGED, SEARCHTYPE, MLSUPPORTED, MLINUSE, HANDLECOLUMNNAME, MAXATTRIBUTEID, RESTRICTED, LOCALIZABLE, TEXTDIRECTION, COMPLEXEXPRESSION, EXTENDED) values ( 'TESTIMPEXCELPARENT', 'DESCRIPTION_LONGDESCRIPTION', 'DESCRIPTION_LONGDESCRIPTION', null, 7, 0, null, null, null, null, 0, null, 0, 0, 0, 32000, 'LONGALN', 1, 0, 0, null, 'Description_longdescription', null, null, 0, 'Description_longdescription', 1,'I', 'TEXT', 0, 0, null, MAXATTRIBUTECFGSEQ.nextval, 0, 0, null, null, 0);
insert into maxattributecfg ( OBJECTNAME, ATTRIBUTENAME, ALIAS, AUTOKEYNAME, ATTRIBUTENO, CANAUTONUM, CLASSNAME, COLUMNNAME, DEFAULTVALUE, DOMAINID, EAUDITENABLED, ENTITYNAME, ESIGENABLED, ISLDOWNER, ISPOSITIVE, LENGTH, MAXTYPE, MUSTBE, REQUIRED, PERSISTENT, PRIMARYKEYCOLSEQ, REMARKS, SAMEASATTRIBUTE, SAMEASOBJECT, SCALE, TITLE, USERDEFINED, CHANGED, SEARCHTYPE, MLSUPPORTED, MLINUSE, HANDLECOLUMNNAME, MAXATTRIBUTEID, RESTRICTED, LOCALIZABLE, TEXTDIRECTION, COMPLEXEXPRESSION, EXTENDED) values ( 'TESTIMPEXCELPARENT', 'HASLD', 'HASLD', null, 8, 0, null, 'HASLD', '0', null, 0, 'TESTIMPEXCELPARENT', 0, 0, 0, 1, 'YORN', 1, 1, 1, null, 'Hasld', null, null, 0, 'Hasld', 1,'I', 'NONE', 0, 0, null, MAXATTRIBUTECFGSEQ.nextval, 0, 0, null, null, 0);


----------------CreateindexScript----------------

insert into maxsysindexes ( NAME, TBNAME, UNIQUERULE, CHANGED, CLUSTERRULE, STORAGEPARTITION, REQUIRED, TEXTSEARCH, MAXSYSINDEXESID) values ( 'TESTIMPEXCELPARENT_NDX1', 'TESTIMPEXCELPARENT', 'U','Y', 0, 'MAXDATA', 0, 0, MAXSYSINDEXESSEQ.nextval);


----------------CreateKeyScript----------------

insert into maxsyskeys ( IXNAME, COLNAME, COLSEQ, ORDERING, CHANGED, MAXSYSKEYSID) values ( 'TESTIMPEXCELPARENT_NDX1', 'TESTIMPEXCELPARENTID', 1, 'A','Y', MAXSYSKEYSSEQ.nextval);


----------------CreateRelationScript----------------

insert into maxrelationship ( NAME, PARENT, CHILD, WHERECLAUSE, REMARKS, MAXRELATIONSHIPID, CARDINALITY, DBJOINREQUIRED) values ( 'TESTIMPEXCEL', 'TESTIMPEXCELPARENT', 'TESTIMPEXCEL', 'siteid=:siteid and testimpexcelparentnum=:testimpexcelparentnum', null, MAXRELATIONSHIPSEQ.nextval, null, 0);


----------------CreateSequenceScript----------------

insert into maxsequence ( TBNAME, NAME, MAXRESERVED, MAXVALUE, RANGE, SEQUENCENAME, MAXSEQUENCEID) values ( 'TESTIMPEXCELPARENT', 'TESTIMPEXCELPARENTID', 1, null, null, 'TESTIMPEXCELPARENTIDSEQ', MAXSEQUENCESEQ.nextval);


----------------Update Maximo Sequence----------------

update maxsequence set maxreserved=(select max(TESTIMPEXCELPARENTID)+1 from TESTIMPEXCELPARENT) where tbname='TESTIMPEXCELPARENT' and name='TESTIMPEXCELPARENTID';


----------------CreateAutokeyScript----------------

insert into autokey ( PREFIX, SEED, ORGID, SITEID, AUTOKEYNAME, SETID, LANGCODE, AUTOKEYID) values ( null, 1001, 'DAXNY', null, 'TESTIMPEXCELPARENTNUM', null, 'ZH', AUTOKEYSEQ.nextval);
commit;



---应用建立---{{{1

set define off;


----------------ApplicationDeleteScript----------------

--delete from maxmodules  where MODULE='UTIL';
--delete from maxapps where APP= 'SKSTESTIE';
--delete from maxpresentation where APP= 'SKSTESTIE';
--delete from maxlabels where app='SKSTESTIE';
--delete from Maxmenu where KEYVALUE='SKSTESTIE' or MODULEAPP='SKSTESTIE';
--delete from Sigoption where APP='SKSTESTIE';


----------------ApplicationInsertScript----------------



----------------CreateModuleScript----------------

insert into maxmodules ( MODULE, DESCRIPTION, MAXMODULESID) values ( 'UTIL', '系统配置', MAXMODULESSEQ.nextval);
insert into maxmenu ( MENUTYPE, MODULEAPP, POSITION, SUBPOSITION, ELEMENTTYPE, KEYVALUE, HEADERDESCRIPTION, URL, VISIBLE, IMAGE, ACCESSKEY, TABDISPLAY, MAXMENUID) values ( 'MODULE', 'UTIL', 11120, 0, 'MODULE', 'UTIL', null, null, 1, 'modimg_util.gif', null, null, MAXMENUSEQ.nextval);


----------------CreateAppScript----------------

insert into maxapps ( APP, DESCRIPTION, APPTYPE, RESTRICTIONS, ORDERBY, ORIGINALAPP, CUSTAPPTYPE, MAINTBNAME, MAXAPPSID, ISMOBILE, LOCKENABLED) values ( 'SKSTESTIE', '测试导入', 'RUN', null, null, 'CUSTAPP', null, 'TESTIMPEXCELPARENT', MAXAPPSSEQ.nextval, 0, 0);


----------------CreateMaxmenuScript----------------

insert into Maxmenu ( MENUTYPE, MODULEAPP, POSITION, SUBPOSITION, ELEMENTTYPE, KEYVALUE, HEADERDESCRIPTION, URL, VISIBLE, IMAGE, ACCESSKEY, TABDISPLAY, MAXMENUID) values ( 'APPMENU', 'SKSTESTIE', 13, 0, 'OPTION', 'BOOKMARK', null, null, 1, null, null, '主要', MAXMENUSEQ.nextval);
insert into Maxmenu ( MENUTYPE, MODULEAPP, POSITION, SUBPOSITION, ELEMENTTYPE, KEYVALUE, HEADERDESCRIPTION, URL, VISIBLE, IMAGE, ACCESSKEY, TABDISPLAY, MAXMENUID) values ( 'APPMENU', 'SKSTESTIE', 12, 0, 'OPTION', 'DELETE', null, null, 1, null, null, '主要', MAXMENUSEQ.nextval);
insert into Maxmenu ( MENUTYPE, MODULEAPP, POSITION, SUBPOSITION, ELEMENTTYPE, KEYVALUE, HEADERDESCRIPTION, URL, VISIBLE, IMAGE, ACCESSKEY, TABDISPLAY, MAXMENUID) values ( 'APPMENU', 'SKSTESTIE', 11, 0, 'OPTION', 'DUPLICATE', null, null, 1, null, null, '主要', MAXMENUSEQ.nextval);
insert into Maxmenu ( MENUTYPE, MODULEAPP, POSITION, SUBPOSITION, ELEMENTTYPE, KEYVALUE, HEADERDESCRIPTION, URL, VISIBLE, IMAGE, ACCESSKEY, TABDISPLAY, MAXMENUID) values ( 'APPTOOL', 'SKSTESTIE', 1, 3, 'OPTION', 'CLEAR', null, null, 1, 'nav_icon_clear.gif', 'CTRL+ALT+C', '主要', MAXMENUSEQ.nextval);
insert into Maxmenu ( MENUTYPE, MODULEAPP, POSITION, SUBPOSITION, ELEMENTTYPE, KEYVALUE, HEADERDESCRIPTION, URL, VISIBLE, IMAGE, ACCESSKEY, TABDISPLAY, MAXMENUID) values ( 'APPTOOL', 'SKSTESTIE', 12, 0, 'OPTION', 'IMPORTE', null, null, 1, 'nav_icon_import.gif', null, '所有', MAXMENUSEQ.nextval);
insert into Maxmenu ( MENUTYPE, MODULEAPP, POSITION, SUBPOSITION, ELEMENTTYPE, KEYVALUE, HEADERDESCRIPTION, URL, VISIBLE, IMAGE, ACCESSKEY, TABDISPLAY, MAXMENUID) values ( 'APPTOOL', 'SKSTESTIE', 1, 1, 'OPTION', 'INSERT', null, null, 1, 'nav_icon_insert.gif', 'CTRL+ALT+I', '所有', MAXMENUSEQ.nextval);
insert into Maxmenu ( MENUTYPE, MODULEAPP, POSITION, SUBPOSITION, ELEMENTTYPE, KEYVALUE, HEADERDESCRIPTION, URL, VISIBLE, IMAGE, ACCESSKEY, TABDISPLAY, MAXMENUID) values ( 'APPTOOL', 'SKSTESTIE', 2, 2, 'OPTION', 'NEXT', null, null, 1, 'nav_icon_next.gif', 'CTRL+ALT+N', '主要', MAXMENUSEQ.nextval);
insert into Maxmenu ( MENUTYPE, MODULEAPP, POSITION, SUBPOSITION, ELEMENTTYPE, KEYVALUE, HEADERDESCRIPTION, URL, VISIBLE, IMAGE, ACCESSKEY, TABDISPLAY, MAXMENUID) values ( 'APPTOOL', 'SKSTESTIE', 2, 1, 'OPTION', 'PREVIOUS', null, null, 1, 'nav_icon_previous.gif', 'CTRL+ALT+P', '主要', MAXMENUSEQ.nextval);
insert into Maxmenu ( MENUTYPE, MODULEAPP, POSITION, SUBPOSITION, ELEMENTTYPE, KEYVALUE, HEADERDESCRIPTION, URL, VISIBLE, IMAGE, ACCESSKEY, TABDISPLAY, MAXMENUID) values ( 'APPTOOL', 'SKSTESTIE', 1, 2, 'OPTION', 'SAVE', null, null, 1, 'nav_icon_save.gif', 'CTRL+ALT+S', '主要', MAXMENUSEQ.nextval);
insert into Maxmenu ( MENUTYPE, MODULEAPP, POSITION, SUBPOSITION, ELEMENTTYPE, KEYVALUE, HEADERDESCRIPTION, URL, VISIBLE, IMAGE, ACCESSKEY, TABDISPLAY, MAXMENUID) values ( 'APPTOOL', 'SKSTESTIE', 2, 0, 'SEP', 'AT2', null, null, 1, null, null, null, MAXMENUSEQ.nextval);
insert into Maxmenu ( MENUTYPE, MODULEAPP, POSITION, SUBPOSITION, ELEMENTTYPE, KEYVALUE, HEADERDESCRIPTION, URL, VISIBLE, IMAGE, ACCESSKEY, TABDISPLAY, MAXMENUID) values ( 'SEARCHMENU', 'SKSTESTIE', 10, 0, 'HEADER', 'SM10', '高级搜索', null, 1, 'atb_search.gif', null, '所有', MAXMENUSEQ.nextval);
insert into Maxmenu ( MENUTYPE, MODULEAPP, POSITION, SUBPOSITION, ELEMENTTYPE, KEYVALUE, HEADERDESCRIPTION, URL, VISIBLE, IMAGE, ACCESSKEY, TABDISPLAY, MAXMENUID) values ( 'SEARCHMENU', 'SKSTESTIE', 20, 0, 'HEADER', 'SM20', '保存查询', null, 1, 'atb_save.gif', null, '所有', MAXMENUSEQ.nextval);
insert into Maxmenu ( MENUTYPE, MODULEAPP, POSITION, SUBPOSITION, ELEMENTTYPE, KEYVALUE, HEADERDESCRIPTION, URL, VISIBLE, IMAGE, ACCESSKEY, TABDISPLAY, MAXMENUID) values ( 'SEARCHMENU', 'SKSTESTIE', 30, 0, 'OPTION', 'SEARCHBOOK', null, null, 1, 'atb_bookmark.gif', null, '所有', MAXMENUSEQ.nextval);
insert into Maxmenu ( MENUTYPE, MODULEAPP, POSITION, SUBPOSITION, ELEMENTTYPE, KEYVALUE, HEADERDESCRIPTION, URL, VISIBLE, IMAGE, ACCESSKEY, TABDISPLAY, MAXMENUID) values ( 'SEARCHMENU', 'SKSTESTIE', 10, 10, 'OPTION', 'SEARCHMORE', null, null, 1, null, null, '所有', MAXMENUSEQ.nextval);
insert into Maxmenu ( MENUTYPE, MODULEAPP, POSITION, SUBPOSITION, ELEMENTTYPE, KEYVALUE, HEADERDESCRIPTION, URL, VISIBLE, IMAGE, ACCESSKEY, TABDISPLAY, MAXMENUID) values ( 'SEARCHMENU', 'SKSTESTIE', 20, 10, 'OPTION', 'SEARCHSQRY', null, null, 1, null, null, '所有', MAXMENUSEQ.nextval);
insert into Maxmenu ( MENUTYPE, MODULEAPP, POSITION, SUBPOSITION, ELEMENTTYPE, KEYVALUE, HEADERDESCRIPTION, URL, VISIBLE, IMAGE, ACCESSKEY, TABDISPLAY, MAXMENUID) values ( 'SEARCHMENU', 'SKSTESTIE', 10, 30, 'OPTION', 'SEARCHTIPS', null, null, 1, null, null, '所有', MAXMENUSEQ.nextval);
insert into Maxmenu ( MENUTYPE, MODULEAPP, POSITION, SUBPOSITION, ELEMENTTYPE, KEYVALUE, HEADERDESCRIPTION, URL, VISIBLE, IMAGE, ACCESSKEY, TABDISPLAY, MAXMENUID) values ( 'SEARCHMENU', 'SKSTESTIE', 20, 20, 'OPTION', 'SEARCHVMQR', null, null, 1, null, null, '所有', MAXMENUSEQ.nextval);
insert into Maxmenu ( MENUTYPE, MODULEAPP, POSITION, SUBPOSITION, ELEMENTTYPE, KEYVALUE, HEADERDESCRIPTION, URL, VISIBLE, IMAGE, ACCESSKEY, TABDISPLAY, MAXMENUID) values ( 'SEARCHMENU', 'SKSTESTIE', 10, 20, 'OPTION', 'SEARCHWHER', null, null, 1, null, null, '所有', MAXMENUSEQ.nextval);
insert into Maxmenu ( MENUTYPE, MODULEAPP, POSITION, SUBPOSITION, ELEMENTTYPE, KEYVALUE, HEADERDESCRIPTION, URL, VISIBLE, IMAGE, ACCESSKEY, TABDISPLAY, MAXMENUID) values ( 'MODULE', 'UTIL', 11238, 0, 'APP', 'SKSTESTIE', null, null, 1, null, null, null, MAXMENUSEQ.nextval);


----------------CreateSigoptionScript----------------

insert into Sigoption ( APP, OPTIONNAME, DESCRIPTION, ESIGENABLED, VISIBLE, ALSOGRANTS, ALSOREVOKES, PREREQUISITE, SIGOPTIONID, LANGCODE, HASLD, MEMO) values ( 'SKSTESTIE', 'BMXVIEWMANAGEWHER', '用于控制“查看/管理查询”对话框中“详细信息”部分的可视性的签名选项', 0, 1, null, null, null, SIGOPTIONSEQ.nextval, 'ZH', 0, null);
insert into Sigoption ( APP, OPTIONNAME, DESCRIPTION, ESIGENABLED, VISIBLE, ALSOGRANTS, ALSOREVOKES, PREREQUISITE, SIGOPTIONID, LANGCODE, HASLD, MEMO) values ( 'SKSTESTIE', 'BMXVIEWMANAGEWHERRO', '用于控制“查看/管理查询”对话框中“子句”字段的可编辑性的签名选项', 0, 1, null, null, null, SIGOPTIONSEQ.nextval, 'ZH', 0, null);
insert into Sigoption ( APP, OPTIONNAME, DESCRIPTION, ESIGENABLED, VISIBLE, ALSOGRANTS, ALSOREVOKES, PREREQUISITE, SIGOPTIONID, LANGCODE, HASLD, MEMO) values ( 'SKSTESTIE', 'BOOKMARK', '添加到书签', 0, 0, null, null, null, SIGOPTIONSEQ.nextval, 'ZH', 0, null);
insert into Sigoption ( APP, OPTIONNAME, DESCRIPTION, ESIGENABLED, VISIBLE, ALSOGRANTS, ALSOREVOKES, PREREQUISITE, SIGOPTIONID, LANGCODE, HASLD, MEMO) values ( 'SKSTESTIE', 'CLEAR', '清除变更', 0, 0, null, null, null, SIGOPTIONSEQ.nextval, 'ZH', 0, null);
insert into Sigoption ( APP, OPTIONNAME, DESCRIPTION, ESIGENABLED, VISIBLE, ALSOGRANTS, ALSOREVOKES, PREREQUISITE, SIGOPTIONID, LANGCODE, HASLD, MEMO) values ( 'SKSTESTIE', 'DELETE', '删除 SKSTESTIE', 0, 1, null, null, 'SAVE', SIGOPTIONSEQ.nextval, 'ZH', 0, null);
insert into Sigoption ( APP, OPTIONNAME, DESCRIPTION, ESIGENABLED, VISIBLE, ALSOGRANTS, ALSOREVOKES, PREREQUISITE, SIGOPTIONID, LANGCODE, HASLD, MEMO) values ( 'SKSTESTIE', 'DUPLICATE', '复制 SKSTESTIE', 0, 1, null, null, 'INSERT', SIGOPTIONSEQ.nextval, 'ZH', 0, null);
insert into Sigoption ( APP, OPTIONNAME, DESCRIPTION, ESIGENABLED, VISIBLE, ALSOGRANTS, ALSOREVOKES, PREREQUISITE, SIGOPTIONID, LANGCODE, HASLD, MEMO) values ( 'SKSTESTIE', 'IMPORTE', '导入excel', 0, 1, null, null, null, SIGOPTIONSEQ.nextval, 'ZH', 0, null);
insert into Sigoption ( APP, OPTIONNAME, DESCRIPTION, ESIGENABLED, VISIBLE, ALSOGRANTS, ALSOREVOKES, PREREQUISITE, SIGOPTIONID, LANGCODE, HASLD, MEMO) values ( 'SKSTESTIE', 'INSERT', '新建 SKSTESTIE', 0, 1, 'SAVE', 'DUPLICATE', null, SIGOPTIONSEQ.nextval, 'ZH', 0, null);
insert into Sigoption ( APP, OPTIONNAME, DESCRIPTION, ESIGENABLED, VISIBLE, ALSOGRANTS, ALSOREVOKES, PREREQUISITE, SIGOPTIONID, LANGCODE, HASLD, MEMO) values ( 'SKSTESTIE', 'NEXT', '下一个 SKSTESTIE', 0, 0, null, null, null, SIGOPTIONSEQ.nextval, 'ZH', 0, null);
insert into Sigoption ( APP, OPTIONNAME, DESCRIPTION, ESIGENABLED, VISIBLE, ALSOGRANTS, ALSOREVOKES, PREREQUISITE, SIGOPTIONID, LANGCODE, HASLD, MEMO) values ( 'SKSTESTIE', 'PREVIOUS', '上一个 SKSTESTIE', 0, 0, null, null, null, SIGOPTIONSEQ.nextval, 'ZH', 0, null);
insert into Sigoption ( APP, OPTIONNAME, DESCRIPTION, ESIGENABLED, VISIBLE, ALSOGRANTS, ALSOREVOKES, PREREQUISITE, SIGOPTIONID, LANGCODE, HASLD, MEMO) values ( 'SKSTESTIE', 'READ', '读取 SKSTESTIE', 0, 1, 'CLEAR,BOOKMARK,NEXT,PREVIOUS', 'ALL', null, SIGOPTIONSEQ.nextval, 'ZH', 0, null);
insert into Sigoption ( APP, OPTIONNAME, DESCRIPTION, ESIGENABLED, VISIBLE, ALSOGRANTS, ALSOREVOKES, PREREQUISITE, SIGOPTIONID, LANGCODE, HASLD, MEMO) values ( 'SKSTESTIE', 'SAVE', '保存 SKSTESTIE', 0, 1, null, 'INSERT,DUPLICATE, DELETE', null, SIGOPTIONSEQ.nextval, 'ZH', 0, null);
insert into Sigoption ( APP, OPTIONNAME, DESCRIPTION, ESIGENABLED, VISIBLE, ALSOGRANTS, ALSOREVOKES, PREREQUISITE, SIGOPTIONID, LANGCODE, HASLD, MEMO) values ( 'SKSTESTIE', 'SEARCHBOOK', '书签', 0, 1, null, null, null, SIGOPTIONSEQ.nextval, 'ZH', 0, null);
insert into Sigoption ( APP, OPTIONNAME, DESCRIPTION, ESIGENABLED, VISIBLE, ALSOGRANTS, ALSOREVOKES, PREREQUISITE, SIGOPTIONID, LANGCODE, HASLD, MEMO) values ( 'SKSTESTIE', 'SEARCHMORE', '更多搜索字段', 0, 1, null, null, null, SIGOPTIONSEQ.nextval, 'ZH', 0, null);
insert into Sigoption ( APP, OPTIONNAME, DESCRIPTION, ESIGENABLED, VISIBLE, ALSOGRANTS, ALSOREVOKES, PREREQUISITE, SIGOPTIONID, LANGCODE, HASLD, MEMO) values ( 'SKSTESTIE', 'SEARCHSQRY', '保存当前查询', 0, 1, null, null, null, SIGOPTIONSEQ.nextval, 'ZH', 0, null);
insert into Sigoption ( APP, OPTIONNAME, DESCRIPTION, ESIGENABLED, VISIBLE, ALSOGRANTS, ALSOREVOKES, PREREQUISITE, SIGOPTIONID, LANGCODE, HASLD, MEMO) values ( 'SKSTESTIE', 'SEARCHTIPS', '查看搜索提示', 0, 1, null, null, null, SIGOPTIONSEQ.nextval, 'ZH', 0, null);
insert into Sigoption ( APP, OPTIONNAME, DESCRIPTION, ESIGENABLED, VISIBLE, ALSOGRANTS, ALSOREVOKES, PREREQUISITE, SIGOPTIONID, LANGCODE, HASLD, MEMO) values ( 'SKSTESTIE', 'SEARCHVMQR', '查看/管理查询', 0, 1, null, null, null, SIGOPTIONSEQ.nextval, 'ZH', 0, null);
insert into Sigoption ( APP, OPTIONNAME, DESCRIPTION, ESIGENABLED, VISIBLE, ALSOGRANTS, ALSOREVOKES, PREREQUISITE, SIGOPTIONID, LANGCODE, HASLD, MEMO) values ( 'SKSTESTIE', 'SEARCHWHER', 'WHERE 子句', 0, 1, null, null, null, SIGOPTIONSEQ.nextval, 'ZH', 0, null);


----------------CreatePresentationScript----------------

insert into maxpresentation (app, maxpresentationid, presentation)
 Values ('SKSTESTIE',maxpresentationseq.nextval,
'<?xml version="1.0" encoding="UTF-8"?> <presentation id="skstestie" ismobile="false" mboname="TESTIMPEXCELPARENT" 
resultstableid="results_showlist" version="6.0.0" viewport="1041x600" 
beanclass="org.shoukaiseki.webclient.beans.test.SkstestieAppBean"> <page id="mainrec" scroll="false"> <include 
controltoclone="pageHeader" id="INCLUDE-pageHeader"/> <clientarea id="clientarea"> <tabgroup id="maintabs" style="form"> <tab 
default="true" id="results" label="List" type="list"> <menubar event="search" id="actiontoolbar1" 
sourcemethod="getAppSearchOptions"/> <table id="results_showlist" inputmode="readonly" label="TABLE TITLE" 
mboname="TESTIMPEXCELPARENT" selectmode="multiple"> <tablebody displayrowsperpage="20" filterable="true" filterexpanded="true" 
id="results_showlist_tablebody"> <tablecol dataattribute="TESTIMPEXCELPARENTID" filterable="false" 
id="results_showlist_column_select" mxevent="toggleselectrow" mxevent_desc="Select Row {0}" sortable="false" type="event"/> 
<tablecol dataattribute="TESTIMPEXCELPARENTID" id="results_showlist_column_link" mxevent="selectrecord" mxevent_desc="Go To %1" 
type="link" usefieldsizegroup="false"/> <tablecol dataattribute="TESTIMPEXCELPARENTID" id="results_showlist_column1"/> <tablecol 
dataattribute="DESCRIPTION" id="results_showlist_column2"/> <tablecol filterable="false" id="results_bookmark" mxevent="BOOKMARK" 
mxevent_desc="Add to Bookmarks" mxevent_icon="btn_addtobookmarks.gif" sortable="false" type="event"/> </tablebody> </table> </tab> 
<tab id="main" label="Main" type="insert"> <section id="maintab_section"> <sectionrow id="section_xml_row_1"> <sectioncol 
id="section_xml_col_1"> <section id="maintab_section_1"> <textbox dataattribute="TESTIMPEXCELPARENTID" id="maintab_attr1"/> 
<textbox dataattribute="DESCRIPTION" id="maintab_attr2" lookup="longdesc"/> <textbox dataattribute="NAME" id="maintab_attr7"/> 
<textbox dataattribute="TESTIMPEXCELPARENTNUM" id="maintab_attr8"/> <textbox dataattribute="SITEID" id="maintab_attr3" 
inputmode="rea');


--------------------------------

update maxpresentation set presentation=presentation ||
'donly"/> <textbox dataattribute="ORGID" id="maintab_attr4" inputmode="readonly"/> </section> </sectioncol> </sectionrow> </section> 
<table relationship="TESTIMPEXCEL" id="1369833956416"  label="子表" orderby="TESTIMPEXCELID asc"> <defaultvalue 
dataattribute="TESTIMPEXCELPARENTNUM" defaulttype="insert" fromattribute="TESTIMPEXCELPARENTNUM" fromdatasrc="mainrecord" 
id="1369664492323"/> <tablebody id="1369664104245"> <tablecol filterable="false" id="1369833956433" mxevent="toggledetailstate" 
sortable="false" type="event"/> <tablecol dataattribute="TESTIMPEXCELPARENTNUM" id="6916677e-5722-11e7-b31a-86e8fc3cda5c" label="" 
inputmode="readonly"/> <tablecol dataattribute="TESTIMPEXCELID" id="6916677c-5722-11e7-b768-86e8fc3cda5c" label="" 
inputmode="readonly"/> <tablecol dataattribute="TESTIMPEXCELNUM" id="6916677d-5722-11e7-924d-86e8fc3cda5c" label="" 
inputmode="readonly"/> <tablecol dataattribute="AMOUNT01" id="69166771-5722-11e7-a8d5-86e8fc3cda5c" label=""/> <tablecol 
dataattribute="DESCRIPTION" id="69166776-5722-11e7-9719-86e8fc3cda5c" label=""/> <tablecol dataattribute="DATE01" id="69166773-
5722-11e7-afb1-86e8fc3cda5c" label=""/> <tablecol dataattribute="TIME01" id="6916677f-5722-11e7-b483-86e8fc3cda5c" label=""/> 
<tablecol dataattribute="DATETIME01" id="69166774-5722-11e7-8b2c-86e8fc3cda5c" label=""/> <tablecol dataattribute="BIGINT01" 
id="69166772-5722-11e7-9258-86e8fc3cda5c" label=""/> <tablecol dataattribute="SMALLINT01" id="6916677b-5722-11e7-95fe-86e8fc3cda5c" 
label=""/> <tablecol dataattribute="INTEGER01" id="69166778-5722-11e7-8513-86e8fc3cda5c" label=""/> <tablecol 
dataattribute="YORN01" id="69166780-5722-11e7-8028-86e8fc3cda5c" label=""/> <tablecol dataattribute="DECIMAL01" id="69166775-5722-
11e7-965a-86e8fc3cda5c" label=""/> <tablecol dataattribute="FLOAT01" id="69166777-5722-11e7-af56-86e8fc3cda5c" label=""/> <tablecol 
dataattribute="ALN01" id="6915a41e-5722-11e7-b03f-86e8fc3cda5c" label=""/> <tablecol dataattribute="ALN02" id="69166770-5722-11e7-
b2fd-86e8fc3c'
where app='SKSTESTIE';


--------------------------------

update maxpresentation set presentation=presentation ||
'da5c" label=""/> <tablecol dataattribute="SITEID" id="6916677a-5722-11e7-b72d-86e8fc3cda5c" label="" inputmode="readonly"/> 
<tablecol dataattribute="ORGID" id="69166779-5722-11e7-a7a1-86e8fc3cda5c" label="" inputmode="readonly"/> </tablebody> <buttongroup 
id="1369664594114"> <pushbutton id="1369664594122" label="新建行" mxevent="addrow"/> </buttongroup> <tabledetails 
id="resultsTabledetails"> <section id="child_section"> <sectionrow id="child_xml_row_1"> <sectioncol id="child_xml_col_1"> <section 
id="child_section_1"> <textbox dataattribute="AMOUNT01" id="c75bb46f-5722-11e7-a87c-86e8fc3cda5c" label=""/> <textbox 
dataattribute="DESCRIPTION" id="c75bb474-5722-11e7-8b08-86e8fc3cda5c" label=""/> <textbox dataattribute="DATE01" id="c75bb471-5722
5722-11e7-a893-86e8fc3cda5c" label=""/> <textbox dataattribute="TIME01" id="c75bb47d-5722-11e7-a240-86e8fc3cda5c" label=""/> 
<textbox dataattribute="DATETIME01" id="c75bb472-5722-11e7-979d-86e8fc3cda5c" label=""/> <textbox dataattribute="ALN01" 
id="c75af121-5722-11e7-97bf-86e8fc3cda5c" label=""/> <textbox dataattribute="ALN02" id="c75bb46e-5722-11e7-874e-86e8fc3cda5c" 
label=""/> </section> </sectioncol> <sectioncol id="child_xml_col_2"> <section id="child_section_2"> <textbox 
dataattribute="BIGINT01" id="c75bb470-5722-11e7-b458-86e8fc3cda5c" label=""/> <textbox dataattribute="INTEGER01" id="c75bb476-5722
5722-11e7-badc-86e8fc3cda5c" label=""/> <textbox dataattribute="SMALLINT01" id="c75bb479-5722-11e7-8aca-86e8fc3cda5c" label=""/> 
<textbox dataattribute="DECIMAL01" id="c75bb473-5722-11e7-999d-86e8fc3cda5c" label=""/> <textbox dataattribute="FLOAT01" 
id="c75bb475-5722-11e7-a354-86e8fc3cda5c" label=""/> <checkbox dataattribute="YORN01" id="c75bb47e-5722-11e7-9cf6-86e8fc3cda5c" 
label=""/> </section> </sectioncol> <sectioncol id="child_xml_col_3"> <section id="child_section_3"> <textbox 
dataattribute="TESTIMPEXCELNUM" id="c75bb47b-572'
where app='SKSTESTIE';


--------------------------------

update maxpresentation set presentation=presentation ||
'2-11e7-8396-86e8fc3cda5c" label="" inputmode="readonly"/> <textbox dataattribute="TESTIMPEXCELPARENTNUM" id="c75bb47c-5722-11e7-
ba1f-86e8fc3cda5c" label="" inputmode="readonly"/> <textbox dataattribute="ORGID" id="c75bb477-5722-11e7-96d4-86e8fc3cda5c" 
label="" inputmode="readonly"/> <textbox dataattribute="SITEID" id="c75bb478-5722-11e7-9918-86e8fc3cda5c" label="" 
inputmode="readonly"/> </section> </sectioncol> </sectionrow> </section> </tabledetails> </table> </tab> </tabgroup> </clientarea> 
<include controltoclone="pageFooter" id="INCLUDE-pageFooter"/> </page> <dialog beanclass="psdi.webclient.system.beans.QbeBean" 
id="searchmore" inputmode="query" label="More Search Fields"> <section id="searchmore_1"> <textbox 
dataattribute="TESTIMPEXCELPARENTID" id="searchmore_attr1"/> <textbox dataattribute="DESCRIPTION" id="searchmore_attr2"/> <textbox 
dataattribute="SITEID" id="searchmore_attr3"/> <textbox dataattribute="ORGID" id="searchmore_attr4"/> <textbox 
dataattribute="DESCRIPTION_LONGDESCRIPTION" id="searchmore_attr5"/> <checkbox dataattribute="HASLD" id="searchmore_attr6"/> 
<textbox dataattribute="NAME" id="searchmore_attr7"/> <textbox dataattribute="TESTIMPEXCELPARENTNUM" id="searchmore_attr8"/> 
</section> <buttongroup id="searchmore_buttongroup"> <pushbutton default="true" id="searchmore_buttongroup_1" label="Find" 
mxevent="dialogok"/> <pushbutton id="qbe_restoreappdefault_button" label="恢复应用程序缺省值" mxevent="qbeclear"/> <pushbutton 
id="qbe_revisebutton" label="修订" menutype="SEARCHMOREREVISE" targetid="searchmore"/> <pushbutton id="searchmore_buttongroup_3" 
label="Cancel" mxevent="qbecancel"/> </buttongroup> </dialog> <dialog beanclass="psdi.webclient.system.beans.ViewBookmarksBean" 
id="searchbook" label="我的书签" mboname="TESTIMPEXCELPARENT"> <table id="bookmarks_table" inputmode="readonly" 
selectmode="single"> <tablebody displayrowsperpage="20" filterable="true" id="bookmarks_table_tablebody"> <tablecol 
dataattribute="TESTIMPEXCELPARENTID" id="bookmarks_tablecolumn_1"'
where app='SKSTESTIE';


--------------------------------

update maxpresentation set presentation=presentation ||
' mxevent="selectrecord" type="link"/> <tablecol dataattribute="description" id="bookmarks_tablecolumn_2"/> <tablecol 
filterable="false" id="bookmarks_tablecolumn_3" mxevent="instantdelete" mxevent_desc="Delete" mxevent_icon="btn_delete.gif" 
sortable="false" type="event"/> </tablebody> </table> <buttongroup id="bookmarks_2"> <pushbutton default="true" id="bookmarks_2_1" 
label="确定" mxevent="dialogok"/> </buttongroup> </dialog> <configurationblock id="datastore_configurationblock"> 
</configurationblock> </presentation>'
where app='SKSTESTIE';
commit;


----------------CreateMaxlabelsScript----------------

insert into maxlabels ( APP, ID, PROPERTY, VALUE, MAXLABELSID) values ( 'SKSTESTIE', '1369664594122', 'label', '新建行', MAXLABELSSEQ.nextval);
insert into maxlabels ( APP, ID, PROPERTY, VALUE, MAXLABELSID) values ( 'SKSTESTIE', '1369833956416', 'label', '子表', MAXLABELSSEQ.nextval);
insert into maxlabels ( APP, ID, PROPERTY, VALUE, MAXLABELSID) values ( 'SKSTESTIE', 'bookmarks_tablecolumn_3', 'mxevent_desc', 'Delete', MAXLABELSSEQ.nextval);
insert into maxlabels ( APP, ID, PROPERTY, VALUE, MAXLABELSID) values ( 'SKSTESTIE', 'main', 'label', 'Main', MAXLABELSSEQ.nextval);
insert into maxlabels ( APP, ID, PROPERTY, VALUE, MAXLABELSID) values ( 'SKSTESTIE', 'results', 'label', 'List', MAXLABELSSEQ.nextval);
insert into maxlabels ( APP, ID, PROPERTY, VALUE, MAXLABELSID) values ( 'SKSTESTIE', 'results_bookmark', 'mxevent_desc', 'Add to Bookmarks', MAXLABELSSEQ.nextval);
insert into maxlabels ( APP, ID, PROPERTY, VALUE, MAXLABELSID) values ( 'SKSTESTIE', 'results_showlist', 'label', 'TABLE TITLE', MAXLABELSSEQ.nextval);
insert into maxlabels ( APP, ID, PROPERTY, VALUE, MAXLABELSID) values ( 'SKSTESTIE', 'results_showlist_column_link', 'mxevent_desc', 'Go To %1', MAXLABELSSEQ.nextval);
insert into maxlabels ( APP, ID, PROPERTY, VALUE, MAXLABELSID) values ( 'SKSTESTIE', 'results_showlist_column_select', 'mxevent_desc', 'Select Row {0}', MAXLABELSSEQ.nextval);
insert into maxlabels ( APP, ID, PROPERTY, VALUE, MAXLABELSID) values ( 'SKSTESTIE', 'searchmore', 'label', 'More Search Fields', MAXLABELSSEQ.nextval);
insert into maxlabels ( APP, ID, PROPERTY, VALUE, MAXLABELSID) values ( 'SKSTESTIE', 'searchmore_buttongroup_1', 'label', 'Find', MAXLABELSSEQ.nextval);
insert into maxlabels ( APP, ID, PROPERTY, VALUE, MAXLABELSID) values ( 'SKSTESTIE', 'searchmore_buttongroup_3', 'label', 'Cancel', MAXLABELSSEQ.nextval);
commit;


