set define off;


----------------ObjectDeleteScript----------------

delete  from maxobjectcfg  where objectname='TESTCALLMETHOD';
delete  from maxtablecfg  where TABLENAME='TESTCALLMETHOD';
delete  from maxattributecfg  where OBJECTNAME='TESTCALLMETHOD';
delete  from maxsysindexes where TBNAME= 'TESTCALLMETHOD';
delete from maxsyskeys where IXNAME='TESTCALLMETHOD_NDX1';
delete  from maxrelationship where PARENT= 'TESTCALLMETHOD';
delete  from maxsequence where TBNAME= 'TESTCALLMETHOD';


----------------ObjectInsertScript----------------



----------------CreateObjectScript----------------

insert into maxobjectcfg ( OBJECTNAME, CLASSNAME, DESCRIPTION, EAUDITENABLED, EAUDITFILTER, ENTITYNAME, ESIGFILTER, EXTENDSOBJECT, IMPORTED, ISVIEW, PERSISTENT, SERVICENAME, SITEORGTYPE, USERDEFINED, CHANGED, MAINOBJECT, INTERNAL, MAXOBJECTID, TEXTDIRECTION) values ( 'TESTCALLMETHOD', 'org.shoukaiseki.app.test.TestcallmethodMboSet', '测试调用方法', 0, null, 'TESTCALLMETHOD', null, null, 0, 0, 1, 'CUSTAPP', '系统', 1,'I', 0, 0, MAXOBJECTCFGSEQ.nextval, null);


----------------CreateTableScript----------------

insert into maxtablecfg ( TABLENAME, ADDROWSTAMP, EAUDITTBNAME, ISAUDITTABLE, RESTOREDATA, STORAGEPARTITION, TEXTSEARCHENABLED, LANGTABLENAME, LANGCOLUMNNAME, UNIQUECOLUMNNAME, ISLANGTABLE, MAXTABLEID, ALTIXNAME, TRIGROOT, CONTENTATTRIBUTE, STORAGETYPE, EXTTABLENAME) values ( 'TESTCALLMETHOD', 1, null, 0, 0, 'MAXDATA', 0, null, null, 'TESTCALLMETHODID', 0, MAXTABLECFGSEQ.nextval, null, 'TESTCALLMETHOD', null, 0, null);


----------------CreateAttributeScript----------------

insert into maxattributecfg ( OBJECTNAME, ATTRIBUTENAME, ALIAS, AUTOKEYNAME, ATTRIBUTENO, CANAUTONUM, CLASSNAME, COLUMNNAME, DEFAULTVALUE, DOMAINID, EAUDITENABLED, ENTITYNAME, ESIGENABLED, ISLDOWNER, ISPOSITIVE, LENGTH, MAXTYPE, MUSTBE, REQUIRED, PERSISTENT, PRIMARYKEYCOLSEQ, REMARKS, SAMEASATTRIBUTE, SAMEASOBJECT, SCALE, TITLE, USERDEFINED, CHANGED, SEARCHTYPE, MLSUPPORTED, MLINUSE, HANDLECOLUMNNAME, MAXATTRIBUTEID, RESTRICTED, LOCALIZABLE, TEXTDIRECTION, COMPLEXEXPRESSION, EXTENDED) values ( 'TESTCALLMETHOD', 'TESTCALLMETHODID', 'TESTCALLMETHODID', null, 1, 0, null, 'TESTCALLMETHODID', null, null, 0, 'TESTCALLMETHOD', 0, 0, 0, 19, 'BIGINT', 1, 1, 1, 1, 'Testcallmethodid', null, null, 0, 'Testcallmethodid', 1,'I', 'EXACT', 0, 0, null, MAXATTRIBUTECFGSEQ.nextval, 0, 0, null, null, 0);
insert into maxattributecfg ( OBJECTNAME, ATTRIBUTENAME, ALIAS, AUTOKEYNAME, ATTRIBUTENO, CANAUTONUM, CLASSNAME, COLUMNNAME, DEFAULTVALUE, DOMAINID, EAUDITENABLED, ENTITYNAME, ESIGENABLED, ISLDOWNER, ISPOSITIVE, LENGTH, MAXTYPE, MUSTBE, REQUIRED, PERSISTENT, PRIMARYKEYCOLSEQ, REMARKS, SAMEASATTRIBUTE, SAMEASOBJECT, SCALE, TITLE, USERDEFINED, CHANGED, SEARCHTYPE, MLSUPPORTED, MLINUSE, HANDLECOLUMNNAME, MAXATTRIBUTEID, RESTRICTED, LOCALIZABLE, TEXTDIRECTION, COMPLEXEXPRESSION, EXTENDED) values ( 'TESTCALLMETHOD', 'DESCRIPTION', 'DESCRIPTION', null, 2, 0, null, 'DESCRIPTION', null, null, 0, 'TESTCALLMETHOD', 0, 0, 0, 1000, 'ALN', 0, 0, 1, null, '描述', null, null, 0, '描述', 1,'I', 'WILDCARD', 0, 0, null, MAXATTRIBUTECFGSEQ.nextval, 0, 1, null, null, 0);


----------------CreateindexScript----------------

insert into maxsysindexes ( NAME, TBNAME, UNIQUERULE, CHANGED, CLUSTERRULE, STORAGEPARTITION, REQUIRED, TEXTSEARCH, MAXSYSINDEXESID) values ( 'TESTCALLMETHOD_NDX1', 'TESTCALLMETHOD', 'U','Y', 0, 'MAXDATA', 0, 0, MAXSYSINDEXESSEQ.nextval);


----------------CreateKeyScript----------------

insert into maxsyskeys ( IXNAME, COLNAME, COLSEQ, ORDERING, CHANGED, MAXSYSKEYSID) values ( 'TESTCALLMETHOD_NDX1', 'TESTCALLMETHODID', 1, 'A','Y', MAXSYSKEYSSEQ.nextval);


----------------CreateRelationScript----------------

insert into maxrelationship ( NAME, PARENT, CHILD, WHERECLAUSE, REMARKS, MAXRELATIONSHIPID, CARDINALITY, DBJOINREQUIRED) values ( 'TESTCALLMETHOD2', 'TESTCALLMETHOD', 'TESTCALLMETHOD2', 'PARENTID=:TESTCALLMETHODID', null, MAXRELATIONSHIPSEQ.nextval, null, 0);
insert into maxrelationship ( NAME, PARENT, CHILD, WHERECLAUSE, REMARKS, MAXRELATIONSHIPID, CARDINALITY, DBJOINREQUIRED) values ( 'TESTCALLMETHOD2A', 'TESTCALLMETHOD', 'TESTCALLMETHOD2', 'PARENTID=:TESTCALLMETHODID', null, MAXRELATIONSHIPSEQ.nextval, null, 0);


----------------CreateSequenceScript----------------

insert into maxsequence ( TBNAME, NAME, MAXRESERVED, MAXVALUE, RANGE, SEQUENCENAME, MAXSEQUENCEID) values ( 'TESTCALLMETHOD', 'TESTCALLMETHODID', 1, null, null, 'TESTCALLMETHODIDSEQ', MAXSEQUENCESEQ.nextval);


----------------Update Maximo Sequence----------------

update maxsequence set maxreserved=(select max(TESTCALLMETHODID)+1 from TESTCALLMETHOD) where tbname='TESTCALLMETHOD' and name='TESTCALLMETHODID';


----------------CreateAutokeyScript----------------



----------------ObjectDeleteScript----------------

delete  from maxobjectcfg  where objectname='TESTCALLMETHOD2';
delete  from maxtablecfg  where TABLENAME='TESTCALLMETHOD2';
delete  from maxattributecfg  where OBJECTNAME='TESTCALLMETHOD2';
delete  from maxsysindexes where TBNAME= 'TESTCALLMETHOD2';
delete from maxsyskeys where IXNAME='TESTCALLMETHOD2_NDX1';
delete  from maxrelationship where PARENT= 'TESTCALLMETHOD2';
delete  from maxsequence where TBNAME= 'TESTCALLMETHOD2';


----------------ObjectInsertScript----------------



----------------CreateObjectScript----------------

insert into maxobjectcfg ( OBJECTNAME, CLASSNAME, DESCRIPTION, EAUDITENABLED, EAUDITFILTER, ENTITYNAME, ESIGFILTER, EXTENDSOBJECT, IMPORTED, ISVIEW, PERSISTENT, SERVICENAME, SITEORGTYPE, USERDEFINED, CHANGED, MAINOBJECT, INTERNAL, MAXOBJECTID, TEXTDIRECTION) values ( 'TESTCALLMETHOD2', 'org.shoukaiseki.app.test.Testcallmethod2MboSet', '测试调用方法表2', 0, null, 'TESTCALLMETHOD2', null, null, 0, 0, 1, 'CUSTAPP', '系统', 1,'I', 0, 0, MAXOBJECTCFGSEQ.nextval, null);


----------------CreateTableScript----------------

insert into maxtablecfg ( TABLENAME, ADDROWSTAMP, EAUDITTBNAME, ISAUDITTABLE, RESTOREDATA, STORAGEPARTITION, TEXTSEARCHENABLED, LANGTABLENAME, LANGCOLUMNNAME, UNIQUECOLUMNNAME, ISLANGTABLE, MAXTABLEID, ALTIXNAME, TRIGROOT, CONTENTATTRIBUTE, STORAGETYPE, EXTTABLENAME) values ( 'TESTCALLMETHOD2', 1, null, 0, 0, 'MAXDATA', 0, null, null, 'TESTCALLMETHOD2ID', 0, MAXTABLECFGSEQ.nextval, null, 'TESTCALLMETHOD2', null, 0, null);


----------------CreateAttributeScript----------------

insert into maxattributecfg ( OBJECTNAME, ATTRIBUTENAME, ALIAS, AUTOKEYNAME, ATTRIBUTENO, CANAUTONUM, CLASSNAME, COLUMNNAME, DEFAULTVALUE, DOMAINID, EAUDITENABLED, ENTITYNAME, ESIGENABLED, ISLDOWNER, ISPOSITIVE, LENGTH, MAXTYPE, MUSTBE, REQUIRED, PERSISTENT, PRIMARYKEYCOLSEQ, REMARKS, SAMEASATTRIBUTE, SAMEASOBJECT, SCALE, TITLE, USERDEFINED, CHANGED, SEARCHTYPE, MLSUPPORTED, MLINUSE, HANDLECOLUMNNAME, MAXATTRIBUTEID, RESTRICTED, LOCALIZABLE, TEXTDIRECTION, COMPLEXEXPRESSION, EXTENDED) values ( 'TESTCALLMETHOD2', 'TESTCALLMETHOD2ID', 'TESTCALLMETHOD2ID', null, 1, 0, null, 'TESTCALLMETHOD2ID', null, null, 0, 'TESTCALLMETHOD2', 0, 0, 0, 19, 'BIGINT', 1, 1, 1, 1, 'Testcallmethod2id', null, null, 0, 'Testcallmethod2id', 1,'I', 'EXACT', 0, 0, null, MAXATTRIBUTECFGSEQ.nextval, 0, 0, null, null, 0);
insert into maxattributecfg ( OBJECTNAME, ATTRIBUTENAME, ALIAS, AUTOKEYNAME, ATTRIBUTENO, CANAUTONUM, CLASSNAME, COLUMNNAME, DEFAULTVALUE, DOMAINID, EAUDITENABLED, ENTITYNAME, ESIGENABLED, ISLDOWNER, ISPOSITIVE, LENGTH, MAXTYPE, MUSTBE, REQUIRED, PERSISTENT, PRIMARYKEYCOLSEQ, REMARKS, SAMEASATTRIBUTE, SAMEASOBJECT, SCALE, TITLE, USERDEFINED, CHANGED, SEARCHTYPE, MLSUPPORTED, MLINUSE, HANDLECOLUMNNAME, MAXATTRIBUTEID, RESTRICTED, LOCALIZABLE, TEXTDIRECTION, COMPLEXEXPRESSION, EXTENDED) values ( 'TESTCALLMETHOD2', 'DESCRIPTION', 'DESCRIPTION', null, 2, 0, null, 'DESCRIPTION', null, null, 0, 'TESTCALLMETHOD2', 0, 0, 0, 1000, 'ALN', 0, 0, 1, null, '描述', null, null, 0, '描述', 1,'I', 'WILDCARD', 0, 0, null, MAXATTRIBUTECFGSEQ.nextval, 0, 1, null, null, 0);
insert into maxattributecfg ( OBJECTNAME, ATTRIBUTENAME, ALIAS, AUTOKEYNAME, ATTRIBUTENO, CANAUTONUM, CLASSNAME, COLUMNNAME, DEFAULTVALUE, DOMAINID, EAUDITENABLED, ENTITYNAME, ESIGENABLED, ISLDOWNER, ISPOSITIVE, LENGTH, MAXTYPE, MUSTBE, REQUIRED, PERSISTENT, PRIMARYKEYCOLSEQ, REMARKS, SAMEASATTRIBUTE, SAMEASOBJECT, SCALE, TITLE, USERDEFINED, CHANGED, SEARCHTYPE, MLSUPPORTED, MLINUSE, HANDLECOLUMNNAME, MAXATTRIBUTEID, RESTRICTED, LOCALIZABLE, TEXTDIRECTION, COMPLEXEXPRESSION, EXTENDED) values ( 'TESTCALLMETHOD2', 'PARENTID', 'PARENTID', null, 3, 0, null, 'PARENTID', null, null, 0, 'TESTCALLMETHOD2', 0, 0, 0, 19, 'BIGINT', 0, 0, 1, null, 'Parentid', null, null, 0, 'Parentid', 1,'I', 'EXACT', 0, 0, null, MAXATTRIBUTECFGSEQ.nextval, 0, 0, null, null, 0);


----------------CreateindexScript----------------

insert into maxsysindexes ( NAME, TBNAME, UNIQUERULE, CHANGED, CLUSTERRULE, STORAGEPARTITION, REQUIRED, TEXTSEARCH, MAXSYSINDEXESID) values ( 'TESTCALLMETHOD2_NDX1', 'TESTCALLMETHOD2', 'U','Y', 0, 'MAXDATA', 0, 0, MAXSYSINDEXESSEQ.nextval);


----------------CreateKeyScript----------------

insert into maxsyskeys ( IXNAME, COLNAME, COLSEQ, ORDERING, CHANGED, MAXSYSKEYSID) values ( 'TESTCALLMETHOD2_NDX1', 'TESTCALLMETHOD2ID', 1, 'A','Y', MAXSYSKEYSSEQ.nextval);


----------------CreateRelationScript----------------



----------------CreateSequenceScript----------------

insert into maxsequence ( TBNAME, NAME, MAXRESERVED, MAXVALUE, RANGE, SEQUENCENAME, MAXSEQUENCEID) values ( 'TESTCALLMETHOD2', 'TESTCALLMETHOD2ID', 1, null, null, 'TESTCALLMETHOD2IDSEQ', MAXSEQUENCESEQ.nextval);


----------------Update Maximo Sequence----------------

update maxsequence set maxreserved=(select max(TESTCALLMETHOD2ID)+1 from TESTCALLMETHOD2) where tbname='TESTCALLMETHOD2' and name='TESTCALLMETHOD2ID';


----------------CreateAutokeyScript----------------

commit;

